pk_unique_id,name,facilityTypeId,operatorTypeId,address_city,address_stateOrRegion,specialties,equipment,capability,anomaly_score,graph_anomaly,region
636,Shai-Osudoku District Hospital,hospital,public,Dodowa,Greater Accra,"[""internalMedicine"",""otolaryngology"",""ophthalmology"",""gynecologyAndObstetrics"",""pediatrics"",""emergencyMedicine"",""radiology"",""pathology"",""generalSurgery"",""psychiatry"",""familyPlanningAndComplexContraception"",""publicHealth"",""physicalMedicineAndRehabilitation""]","[""Has two operating theatres""]","[""Bed capacity of 244 beds"",""14 wards"",""12 specialized departments"",""24/7 emergency services with 24-hour coverage"",""Earmarked by the World Health Organization (WHO) as a benchmark for health care in Africa"",""Zero maternal mortality in the last 5 years"",""Established in 1970 and upgraded to a district hospital in 2009""]",0.34605974,True,Greater Accra
616,"Saint Luke Hospital, Kasei",hospital,,Kumasi,Ashanti Region,"[""ophthalmology"",""generalSurgery"",""dentistry"",""psychiatry"",""gynecologyAndObstetrics"",""infectiousDiseases"",""familyPlanningAndComplexContraception"",""radiology"",""pathology"",""emergencyMedicine"",""internalMedicine""]","[""Ultrasound diagnostic equipment."",""Laboratory diagnostic equipment.""]","[""Has 70-bed capacity."",""Operates 24/7 emergency services."",""Provides 24-hour outpatient and inpatient care with emergency services.""]",0.39543626,True,Ashanti
159,Chrispod Hospital and Diagnostic Center,hospital,private,Dome,Ga East Municipality,"[""internalMedicine"",""otolaryngology"",""ophthalmology"",""gynecologyAndObstetrics"",""radiology"",""pathology"",""pediatrics"",""emergencyMedicine"",""anesthesia""]","[""Two fully equipped operating theatres with recovery rooms and labour rooms"",""Newborn ward facilities"",""MRI system BASDA with BASDA software platform"",""Digital Mammography System with robust detector"",""Digital Radiography system"",""CT imaging system with Interleaved Volume Reconstruction (IVR)"",""State-of-the-art laboratories for diagnostic testing""]","[""120-bed capacity general hospital"",""NHIS-accredited hospital"",""24/7 emergency service including ambulance support"",""Mortuary with 30-body capacity cold room and autopsy room"",""On-site laboratory services including blood tests, urinalysis, tissue testing and screening tests"",""On-site pharmacy services (CHDC Pharmaceutical Care)"",""Core staff strength of ten nurses, three doctors and four radiographers"",""ENT specialist Dr. Kamal Walid Amer"",""Obstetrician & Gynecologist Dr. Paul Adomako"",""Dietician Andrews Appiah""]",0.31916934,True,Ga East Municipality
432,MAB International Hospital,hospital,private,Darkuman-Nyamekye,Greater Accra,"[""internalMedicine"",""emergencyMedicine"",""generalSurgery"",""radiology"",""pediatrics"",""ophthalmology"",""otolaryngology"",""dentistry"",""pathology"",""gynecologyAndObstetrics"",""physicalMedicineAndRehabilitation""]","[""Ultrasound imaging equipment"",""Digital X-ray imaging equipment"",""ECG (electrocardiography) equipment""]","[""24/7 Emergency Unit with ambulance support"",""Over 100 general beds"",""HeFRA accredited"",""NHIA accredited"",""Branches include Megavest Medical Centre, MAB Medicare Centre, and MAB Health Training Institute"",""Dentistry Centre is available within the hospital"",""Departments include General OPD, Radiology, Pediatrics, Obstetrics/Gynaecology, General Surgery, ECG, Reflexology, Optical Services, Pharmacy, Laboratory, Blood Bank"",""Located in Darkuman-Nyamekye, Greater Accra, Ghana""]",0.27890876,True,Greater Accra
479,"Methodist Hospital, Wenchi",hospital,,Wenchi,Bono,"[""urology"",""orthopedicSurgery"",""dentistry"",""ophthalmology"",""radiology"",""clinicalPathology"",""infectiousDiseases"",""hematology"",""endocrinologyAndDiabetesAndMetabolism"",""chronicDiseasePreventionAndLifestyleMedicine"",""emergencyMedicine"",""internalMedicine""]","[""3 operating theatres"",""On-site X-Ray & Ultrasound facilities"",""Endoscope equipment""]","[""On-site laboratory services"",""Three on-site pharmacies operate 24/7, with one dedicated to wards and the other to serve the OPD unit"",""Established in 1951"",""238-bed facility"",""Referral center for 19 health facilities within Wenchi Municipality, Tain and Banda Districts"",""Specialist services: Urology, Orthopedics, Dental, Eye"",""Special clinics: Hypertensive, Diabetic, ART, Sickle Cell"",""70+ years of operation"",""75 medical staff"",""300+ nurses"",""Located in Wenchi, Bono, Ghana""]",0.37482378,True,Bono
113,Bemuah Royal Hospital,hospital,private,Accra,,"[""cardiology"",""pulmonology"",""criticalCareMedicine"",""emergencyMedicine"",""radiology"",""sleepMedicine"",""gastroenterology"",""clinicalPathology"",""clinicalNeurophysiology"",""internalMedicine""]","[""X-ray imaging equipment"",""Ultrasound machine"",""Endoscopy and bronchoscopy equipment"",""Pulmonary function testing equipment (spirometry)"",""Blood gas analyzer"",""ECG/Holter monitoring equipment"",""On-site laboratory equipment"",""Fully equipped ambulances""]","[""24/7 emergency department and 24/7 emergency medicine services"",""30-bed inpatient department with 5 ICU beds, 2 resuscitation beds, and 2 observation beds"",""First Intensive Care Unit in a private hospital in the country"",""7-bed Intensive Care Unit (ICU) completed"",""On-site laboratory, X-ray, and ultrasound services"",""Ambulances on standby 24 hours a day"",""Specializes in respiratory care, cardiology, and emergency medicine"",""Outpatient, inpatient, emergency medicine and critical care services available""]",0.3661572,True,Unknown
673,St. Francis Xavier Hospital,hospital,,Assin-Foso,Central Region,"[""ophthalmology"",""otolaryngology"",""dentistry"",""radiology"",""physicalMedicineAndRehabilitation"",""gynecologyAndObstetrics"",""pediatrics"",""infectiousDiseases"",""emergencyMedicine"",""pathology"",""anesthesia"",""internalMedicine""]","[""""]","[""Has a bed capacity of 156."",""Is an accredited NHIS facility."",""Safecare assessment in 2020 placed the facility at level 4."",""Adjudged the first best performing hospital in the Central Region by the Central Regional Health Directorate in 2021."",""Provides 24-hour emergency and ambulance service."",""Offers OPD and inpatient services."",""Offers Radiology Specialist Services."",""Offers Laboratory Services."",""Includes departments and units such as Laboratory Unit, Accident & Emergency Unit, Medical Ward, Physiotherapy, Pharmacy Unit, Dental Unit, Ear, Nose & Throat Unit, and Ophthalmology."",""Offers Mortuary Services."",""Offers TB Control and HIV/AIDS Programme."",""Offers Emergency Medicine and Blood Transfusion Services.""]",0.30827615,True,Central
514,Nyaho Medical Centre,clinic,private,Accra,,"[""ophthalmology"",""dermatology"",""pediatrics"",""gynecologyAndObstetrics"",""hematology"",""otolaryngology"",""neurosurgery"",""cardiology"",""orthopedicSurgery"",""plasticSurgery"",""urology"",""anesthesia"",""internalMedicine"",""physicalMedicineAndRehabilitation"",""dentistry""]",[],"[""Main Branch at 35 Kofi Annan Street, Airport Residential Area, Accra, operates 24/7"",""Nyaho Medical Centre has five branches"",""Octagon Branch, Primary Care Centre, Tema Branch, Takoradi Branch are part of Nyaho Medical Centre"",""Nyaho Medical Centre accepts claims from over 30 local and international insurance companies"",""Nyaho Medical Centre is SafeCare Level 4 Healthcare accredited"",""Nyaho Medical Centre is accredited as a clinical posting center for the West African Postgraduate College of Nurses and Midwives (WAPCNM)"",""Nyaho Medical Centre handles over 100,000 patient visits annually"",""Main Branch hours: 24/7; Octagon Branch hours: 7am–7pm; Primary Care Centre hours: 7am–7pm; Tema Branch hours: 7am–7pm"",""Nyaho Eye Care Services operate at Airport Main Branch""]",0.4804314,True,Unknown
322,HealthLink Hospital,hospital,,Accra,,"[""dentistry"",""pediatrics"",""urology"",""gynecologyAndObstetrics"",""ophthalmology"",""otolaryngology"",""neurology"",""neurosurgery"",""interventionalRadiology"",""radiology"",""cardiology"",""pulmonology"",""physicalMedicineAndRehabilitation"",""nephrology"",""psychiatry"",""orthopedicSurgery"",""generalSurgery"",""clinicalPathology"",""internalMedicine""]","[""HEPA-filtered central air conditioning system for clean air"",""Centralised medical gas system"",""Dialysis machines used in the dialysis clinic (globally recognized)"",""On-site laboratory operated by qualified biomedical scientists"",""High-end ultrasound and vascular Doppler diagnostic equipment"",""Vaccination cold chain system aligned with Strive for 5 standard"",""Antibacterial interior and exterior wall coatings"",""Antibacterial floor cladding"",""Clean air and infection control measures supporting international standards""]","[""Offers 24/7 services"",""International standards for infection prevention and control"",""Medevac and patient evacuation planning and services"",""On-site vaccination unit for routine services"",""Internationally certified to provide medical screening for oil and gas, mining, dredging, financial institutions and other organizations"",""Located at No. 38 Anum Tessa Avenue, Adjiringano (Bridge), East Legon, Accra, Ghana"",""Digital Address: GD 232 - 0036""]",0.7139359,True,Unknown
382,Kings and Queens Medical University Teaching Hospital,hospital,,Akosombo,Eastern Region,"[""internalMedicine"",""generalSurgery"",""anesthesia"",""cardiology"",""cardiacSurgery"",""neurology"",""neurosurgery"",""orthopedicSurgery"",""plasticSurgery"",""pediatrics"",""hepatobiliarySurgery"",""dentistry"",""ophthalmology"",""otolaryngology"",""infectiousDiseases"",""gynecologyAndObstetrics"",""radiology"",""criticalCareMedicine"",""geriatricsInternalMedicine"",""gastroenterology"",""dermatology"",""pathology"",""psychiatry"",""urology"",""emergencyMedicine"",""publicHealth"",""hematology"",""nephrology""]",[],"[""Licensed by the Ministry of Health, Ghana and the Health Facilities Regulatory Agency (HeFRA) as a medical facility"",""Accredited by the National Health Insurance Authority (NHIA), Ghana to accept all NHIS health insurance policies"",""Has a Memorandum of Understanding with GAB Health Insurance, Ghana to allow private insurance policy holders to access healthcare at Kings and Queens Teaching Hospital"",""Has Memorandum of Understanding with Eastern Regional Hospital, Koforidua and Tetteh Quarshie Memorial Hospital, Mampong for clinical rotation of medical students"",""Affiliated with Kings and Queens Medical University College"",""Signed an affiliation with University for Development Studies, Tamale for training of medical doctors"",""Signed a Memorandum of Understanding with NCPC China for training of pharmacists, pharmaceutical research and manufacturing of medicines (signed February 15, 2017)"",""Address: P.M.B AK59, Akosombo, Eastern Region, Ghana"",""Email contacts: president@kqmuc.edu.gh; info.kqth@kqmuc.edu.gh"",""Phone contacts: +233(0)501602091; +233(0)501602103""]",0.724358,True,Eastern
604,Ruma Fertility and Specialist Hospital,hospital,private,Kumasi,,"[""reproductiveEndocrinologyAndInfertility"",""gynecologyAndObstetrics"",""pediatrics"",""generalSurgery"",""internalMedicine"",""chronicDiseasePreventionAndLifestyleMedicine"",""urology"",""urogynecologyAndReconstructivePelvisSurgery"",""preventiveMedicine""]","[""Has 4 fully equipped operating theatres"",""Operating theatres equipped with advanced systems"",""On-site laboratory and scanning centers"",""Water birth suite available"",""Pediatric care unit""]","[""Does not have a dedicated emergency department"",""Provides OPD services"",""OPD hours: Monday–Saturday 08:00–17:00; Sunday: Closed"",""Hospital hours: Monday–Friday 08:00–20:00; Saturday: 09:00–18:00; Sunday: 09:00–18:00; Emergency: 24 hours"",""Assisted conception treatment started in 2012"",""Recipient of Best Assisted Conception Award in 2016"",""Staff includes fertility specialists, obstetricians/gynecologists, and pediatricians"",""Dedicated research team and innovation program"",""Water birth delivery offered""]",0.27957076,True,Unknown
624,Samj Specialist Hospital,hospital,,Cantonments,Greater Accra Region,"[""internalMedicine"",""gynecologyAndObstetrics"",""reproductiveEndocrinologyAndInfertility"",""pediatrics"",""generalSurgery"",""dentistry"",""ophthalmology"",""radiology"",""pathology"",""neonatologyPerinatalMedicine""]","[""Three operating theatres for major and minor cases"",""On-site laboratory facilities"",""Ambulance services"",""Neonatal Intensive Care Unit (NICU)"",""X-ray imaging facility""]","[""Founded February 2010"",""Has 60 beds"",""Outpatient Department (OPD), consulting rooms, recovery wards, treatment rooms, labour wards, NICU, general wards and executive wards"",""Three operating theatres"",""On-site laboratory, pharmacy and ambulance services"",""Fertility Centre offering in vitro fertilization (IVF) and artificial insemination (ISU)"",""X-ray service availability: Mon-Thu after 2pm; Emergency X-ray available anytime"",""Dental service availability: Mon-Wed and Fri from 8am; Saturdays by appointment"",""Eye service availability: Mon, Wed, Fri, and Saturdays by appointment"",""Accepted six major health insurance providers: Acacia, Cosmopolitan, Glico, Equity, ACE and GAB Health Insurance"",""Contact location: GE-237-8270, Ecomog Rd Haatso, Accra; Phone 0302900771; Whatsapp 0509267731""]",0.2637442,True,Greater Accra
677,St. John of God Hospital (ASAFO),hospital,,SEFWI-ASAFO,Western North Region,"[""internalMedicine"",""gynecologyAndObstetrics"",""orthopedicSurgery"",""pathology"",""radiology"",""ophthalmology"",""maternalAndChildHealth"",""adolescentMedicine"",""maternalFetalMedicineOrPerinatology"",""pediatrics"",""generalSurgery""]",[],"[""Provides General OPD"",""Provides Emergency services"",""Provides Inpatient Care"",""Provides Maternity services"",""Provides Surgery services"",""Provides Obstetrics & Gynaecology Services"",""Provides Orthopaedic consultations"",""Provides Laboratory services"",""Provides Pharmacy services"",""Provides X-ray services"",""Provides ECG services"",""Provides Ultrasound Scan services"",""Provides Antenatal services"",""Provides Postnatal care"",""Provides Child welfare services"",""Provides School Health services"",""Provides Adolescent Health services"",""Provides Reproductive & Child Health services"",""Provides Counselling & Testing for HIV & PMTCT"",""Provides Eye Services""]",0.2529672,True,Western North
492,Mother-Love Hospital,hospital,,Adenta-Fafraha,Greater Accra,"[""gynecologyAndObstetrics"",""pediatrics"",""ophthalmology"",""otolaryngology"",""generalSurgery"",""pathology"",""radiology"",""dentistry"",""emergencyMedicine"",""internalMedicine""]","[""Ultrasound unit onsite"",""X-ray imaging equipment onsite"",""ECG equipment onsite""]","[""Located in Adenta-Fafraha, Accra, Ghana"",""24/7 emergency services with a dedicated 24/7 emergency hotline: +233 302 552 153"",""General OPD operates 24 hours"",""Dental care available Monday through Saturday from 9:00 am to 2:00 pm"",""Dietician clinic on Mondays from 8:00 am to 12:00 pm"",""Paediatrics clinic on Tuesdays at 3:00 pm"",""Eye clinic on Wednesdays at 9:00 am"",""ENT clinic on Saturdays from 10:00 am to 1:00 pm"",""Departments include Maternity, Dentistry, Pharmacy, Laboratory, and Ultrasound Unit"",""Services include Obstetrics & Gynaecology, Pediatrics, Ophthalmology, Ear, Nose & Throat, Surgery, Clinical Psychology, and Dietetics"",""Pharmacy operates 24 hours"",""X-ray imaging and ECG services are offered"",""GPS: GM-088-9846""]",0.29713926,True,Greater Accra
405,Kwadwo Boapim Herbal Clinic,clinic,private,Accra,,"[""endocrinologyAndDiabetesAndMetabolism"",""gynecologyAndObstetrics"",""andrologyAndMaleFertility"",""reproductiveEndocrinologyAndInfertility"",""neurology"",""cardiology"",""chronicDiseasePreventionAndLifestyleMedicine""]",[],"[""Ministry of Health-approved Herbal Clinic and Research Lab (Reg. No. TMPP01644)"",""Located at B308/15 Sakatsuru Link, New Abossey Okai, Accra, Ghana"",""Treats chronic and lifestyle diseases including diabetes, obesity, fibroid, impotence, barrenness, stroke, hypertension"",""Phone number +233 30 291 5140"",""Email info@kwadwoboapim.com"",""Website kwadwoboapim.com""]",0.20343147,False,Unknown
184,Danpong HealthCare,clinic,private,Accra,,"[""urology"",""pediatrics"",""dentistry"",""ophthalmology"",""otolaryngology"",""radiology"",""orthopedicSurgery"",""chronicDiseasePreventionAndLifestyleMedicine"",""endocrinologyAndDiabetesAndMetabolism""]","[""X-ray machine with advanced technology""]","[""Has 5 branches (noted as 5 BRANCHES AND COUNTING)"",""Spintex and Nungua branches provide 24/7 support"",""Ambulance service for pre-hospital emergency care"",""Pharmacy provides 24-hour service"",""Founded in 1989 as Danpong Pharmacy (GH) Ltd; first pharmacy opened in 1991 at Nungua with eight workers"",""Offers clinics/departments including Imaging, General Clinic, ENT, Medical Lab, Pharmacy, X-ray, Urology, Paediatrics, Dietician, Diabetic & Hypertensive Clinic, Dental Clinic, Psychologist, Optometry & Optical Services, Orthopedic Clinic"",""Danpong on Wheels provides homecare services"",""Danpong App available on Google Play and Apple App Store"",""Accepts insurance from over 30 local and international providers"",""Contact channels: website https://www.danponggroup.net; email info@danponggroup.net; customerservice@danponggroup.net; phone numbers 0240-766-900 and 0302-811-153; address 67 Nungua Link, Accra"",""Schedule indicates 24/7 availability""]",0.2628068,True,Unknown
166,"Claron Health International – No 2, Dodi Link, Between Volta Street and Akosombo Road, Airport Residential, Accra, Ghana",,,Accra,Greater Accra,"[""ophthalmology"",""dentistry"",""urology"",""gynecologyAndObstetrics"",""pediatrics"",""physicalMedicineAndRehabilitation"",""occupationalAndEnvironmentalMedicine"",""infectiousDiseases"",""emergencyMedicine""]","[""Mobile X-ray unit"",""ECG equipment"",""Spirometry equipment"",""Fully equipped emergency response vehicle""]","[""Location: No 2, Dodi Link, Between Volta Street and Akosombo Road, Airport Residential, Accra, Ghana"",""Locations: Accra and Takoradi"",""Walk-in OPD offering treatment services, follow-up care and laboratory tests"",""Specialist consultations in Urology, Gynecology, Physiotherapy, Paediatrics, and Nutrition & Diet"",""Eye Care Center and Dental Center are available"",""Molecular and Diagnostic Center offers molecular lab tests for infectious diseases"",""All major laboratory testing with same-day results"",""Emergency Care with a fully equipped vehicle for rapid medical response"",""Remote Site Medical Services provide onsite clinics for mining, factories and remote sites"",""Worksmart program includes field audiometry, ECG, spirometry, eye exams, mobile X-ray and drug screening; 24-hour results with doctors’ comments"",""Vaccination-in-a-Box provides international vaccination center and travelers clinics"",""Oil & Gas Services Medsev offers offshore medical examinations, certifications to work offshore and Medevac/Evacuation services"",""We accept your insurance""]",0.37226224,True,Greater Accra
25,Adiebeba Specialist Hospital,hospital,private,Kumasi,,"[""internalMedicine"",""ophthalmology"",""gynecologyAndObstetrics"",""gynecologicalOncology"",""medicalOncology"",""psychiatry"",""pathology"",""generalSurgery"",""urology"",""emergencyMedicine"",""radiology"",""pediatrics""]","[""Ultramodern equipment"",""State-of-the-art technology""]","[""Pioneers in private sector healthcare delivery in Ghana"",""Open 24/7 with a 24-hour emergency department"",""Available seven days a week with around-the-clock operations"",""Clinical and nursing care provided to international standards"",""Departments include Eye Care, Cervical Cancer, Breast Care, Mental Health, Laboratory, Surgery, Urology, Emergency, USG and ECG Services, Obstetrics and Gynecology, Pharmacy, and Pediatrics""]",0.3597059,True,Unknown
459,"Medicas Hospital, Mampong-Akuapem",hospital,private,Akuapem Mampong,,"[""internalMedicine"",""gynecologyAndObstetrics"",""orthopedicSurgery"",""endocrinologyAndDiabetesAndMetabolism"",""dentistry"",""physicalMedicineAndRehabilitation"",""anesthesia""]","[""Endoscopy equipment used in the Endoscopy Unit"",""Dental equipment used in the Dental Unit"",""Gym with pool and spa facilities as part of the wellness infrastructure"",""Care Home facility equipped with mobility devices""]","[""General Practice: Clinic Days open all week; Times 7am - 7pm"",""Obs & Gynae Services: Clinic Days Monday – Saturday; Times 7:30am - 3pm"",""Diet-Therapy Services: Clinic Days Monday - Friday; Times 9am - 4pm"",""Orthopaedics Services: Clinic Days Tuesday and Saturday; Times 10am - 3pm"",""Endocrine Services: Clinic Days Monday - Friday; Times 8am - 5pm"",""Endoscopy Services: Open Days Monday – Saturday except Wednesday; Times 9am - 4pm"",""Dental Service: Clinic Days Monday - Friday; Times 9am - 4pm"",""Care Home Services: 24 hours"",""Gym/Spa/Physiotherapy Services: Open All Week; Times 5am - 8pm"",""Mortuary & Funeral Home Services: 24 hours"",""NHIS accreditation: Joined NHIS in 2008""]",0.26160994,True,Unknown
304,Greater Accra Regional Hospital,hospital,,Accra,,"[""internalMedicine"",""neurosurgery"",""spineNeurosurgery"",""nephrology"",""pediatrics"",""ophthalmology"",""radiology"",""anesthesia"",""oralAndMaxillofacialSurgery"",""dentistry"",""emergencyMedicine"",""psychiatry"",""pathology""]",[],"[""GARH provides 24-hour emergency and in-patient services"",""GARH serves as a practical attachment site for educational institutions including Accra College of Medicine"",""The hospital's services range from secondary to tertiary level care"",""GARH is described as one of the leading hospitals in Ghana providing tertiary services"",""Senior Management Team includes Gifty Aryee (Head of Nursing), Dr. Ralph Armah (Medical Director), Dr. Henrietta Fiscian (Head of Clinical Services), Adam Mohammed Hardi (Head of Administration & Support Services), Justice Yaovi M. Ahorlu (Head of Finance), Joseph Adjei Tsiase (Head of Pharmacy), Samuel Djanitey (Head of Human Resource)"",""Location is Castle Road, Accra"",""Postal address is P. O. Box GP 473 Accra Ghana"",""Phone numbers are 0302428460 and 0551727552"",""Email address is info@garh.gov.gh"",""Website is garh.gov.gh""]",0.53478444,True,Unknown
251,Finney Hospital and Fertility Centre,hospital,,Accra,,"[""gynecologyAndObstetrics"",""reproductiveEndocrinologyAndInfertility"",""internalMedicine""]",[],"[""Located at Finney Hospital Street, Mile 11, New Bortianor, Accra, Ghana"",""Phone number +233 30 295 0092"",""Email info@finneyhospital.com"",""Always open""]",0.054746,False,Unknown
665,"St. Andrew Catholic Hospital, Kordiabe",hospital,private,Kordiabe,"Shai Osudoku District, Greater Accra Region","[""gynecologyAndObstetrics"",""ophthalmology"",""dentistry"",""publicHealth"",""radiology"",""pathology"",""emergencyMedicine"",""internalMedicine""]","[""Has a hospital ambulance (visible in the Gallery as Hospital Ambulance)""]","[""Operates 24/7 (seven days a week)"",""Offers General OPD, Emergency, Pharmacy, Laboratory, Obs & Gyne, Public Health Unit, Physiotherapy, IPD Services, Theatre, Dental Clinic, Eye Clinc, Wellness Center, Imaging"",""Owned by the Catholic Archdiocese of Accra; locally managed by CHF Sisters from the Holy Family Congregation in India"",""Located on the Kordiabe - Ashaiman road, adjacent to the filling station""]",0.19538845,False,Greater Accra
344,Impact Medical and Diagnostic Center,clinic,,Accra,,"[""neurology"",""urology"",""pediatrics"",""ophthalmology"",""gynecologyAndObstetrics"",""dermatology"",""orthopedicSurgery"",""otolaryngology"",""generalSurgery"",""cardiology"",""physicalMedicineAndRehabilitation"",""clinicalPsychology"",""dietician"",""pulmonology"",""radiology"",""occupationalAndEnvironmentalMedicine"",""oralAndMaxillofacialSurgery"",""endodontics"",""pediatricDentistry"",""orthodontics"",""prosthodontics"",""dentistry""]","[""Digital X-Ray system"",""4D Ultrasound system""]","[""Location: 5 Nyanyo Lane, Asylum Down, Accra, Ghana"",""Open Mon-Fri 8:00am-6:00pm; Sat 9:00am-2:00pm"",""Designated medical facility for Jordan visa medicals"",""Provides physical examinations, vaccinations and laboratory tests for visa applications"",""Offers Home Health Care"",""Offers Occupational Health services"",""Offers Wellness Clinic"",""Offers a wide range of departments including GP, Neurology, Urology, Paediatrics, Ophthalmology, Obstetrics & Gynecology, Dermatology, Orthopaedics, General Surgery, Cardiology, ENT & Audiology, Respiratory/Asthma Clinic, Physiotherapy, Clinical Psychology, Dietician""]",0.41949365,True,Unknown
472,"MENRI Pharmacy - 22 Stewart Avenue, Uaddar Barracks, Bantama, Kumasi, Ghana",farmacy,,Kumasi,,,[],"[""Address: 22 Stewart Avenue, Uaddar Barracks, Bantama, Kumasi, Ghana"",""Phone: +233 32 208 7902"",""Email: menripharmacy@gmail.com"",""Website: menripharmacy.com"",""Opening hours: Always open (24/7) according to Facebook page"",""Staffing: Pharmacists, Pharmacy Technicians, Medicine Counter Assistants"",""Location: Kumasi, Ghana""]",0.40934154,True,Unknown
1,West Africa AIDS Foundation,,,Haatso,,"[""infectiousDiseases"",""maternalFetalMedicineOrPerinatology"",""publicHealth"",""hospiceAndPalliativeInternalMedicine"",""globalHealthAndInternationalHealth""]",[],[],0.23712914,False,Unknown
480,Metro Health Hospital,hospital,,Kumasi,,"[""ophthalmology"",""otolaryngology"",""gynecologyAndObstetrics"",""orthopedicSurgery"",""geriatricsInternalMedicine"",""endocrinologyAndDiabetesAndMetabolism"",""radiology"",""clinicalPathology"",""cardiology"",""nephrology"",""urology"",""internalMedicine""]","[""Ultrasound imaging equipment used for advanced ultrasound services""]","[""24x7 help and support available"",""ElderCare Unit opened on 1 September 2020"",""Departments include Ear, Nose & Throat Unit; Eye Unit; Laboratory Unit; Obstetrics & Gynecology Unit; Hypertensive Clinic; Diabetes Clinic; Pharmacy Unit; Out-Patient and In-Patient Departments"",""ElderlyCare/Geriatric Care services are offered"",""Obstetrics & Gynecology clinic operates Mondays 8:00am–2:00pm"",""Ear, Nose & Throat clinic operates Wednesdays 3:30pm–6:00pm"",""Orthopedics clinic operates Wednesdays 3:00pm–6:00pm""]",0.3806056,True,Unknown
483,Mission Clinic,clinic,private,Accra,Greater Accra Region,"[""familyMedicine"",""dentistry"",""ophthalmology"",""pediatricNeurodevelopmentalDisabilities"",""childAndAdolescentPsychiatry""]",[],"[""Provides family medicine services"",""Provides dental care"",""Provides optical care"",""Has an onsite laboratory"",""Offers pediatric neurodevelopmental services"",""Offers pediatric psychiatric services"",""Located at 70-72 Olympics Road, Kokomlemle, Accra, Ghana"",""Phone: +233 26 626 2212"",""Email: missionclinic1981@gmail.com"",""Always open"",""Price range: $""]",0.3381103,True,Greater Accra
729,The Community Hospital New Ashongman,hospital,private,New Ashongman,,"[""ophthalmology"",""dentistry"",""gynecologyAndObstetrics"",""internalMedicine""]",[],"[""Located on Musuku-ashongman Est Rd, Ghana."",""Private primary hospital."",""Offers general medical services."",""NHIS accredited."",""Verified listing."",""Listed in categories Hospitals, Doctors and Clinics, and Medical Clinics."",""Profile last updated on 18 Apr 2018."",""Registered with GhanaYello on 5 Apr 2018.""]",0.1498185,False,Unknown
54,Alhaji Nuhu Memorial Healthcare Centre,,,Kamgbunli,Western Region,"[""internalMedicine"",""emergencyMedicine"",""radiology"",""pathology"",""gynecologyAndObstetrics"",""psychiatry"",""familyPlanningAndComplexContraception""]",[],"[""Emergency services are provided."",""Outpatient care is provided."",""Inpatient care is provided."",""Diagnostic imaging services are provided."",""Laboratory services are provided."",""Maternity services are provided."",""Mental health services are provided."",""Family planning services are provided."",""Wound care including cuts, burns and dressing is provided."",""Located at Kamgbunli Main Street, Western Region, Ghana.""]",0.26335087,True,Western
19,Acrecity Medics,clinic,private,Accra,,"[""gynecologyAndObstetrics"",""pediatrics"",""otolaryngology"",""internalMedicine"",""clinicalPsychology"",""ophthalmology"",""dermatology"",""dietetics"",""orthopedicSurgery"",""urology"",""generalSurgery""]",,"[""Location: Suite G05 Nester Square, Airport City, Accra, Ghana"",""Serves Airport City and the Greater Accra Metropolis"",""Opening hours: Monday–Friday 08:00–19:00; Saturday 09:00–14:00"",""Offers GP & Specialist Clinics; Diagnostics; Travel & Immunisation; Dispensary; Medical Tourism; Healthcare Events"",""Specialist clinics include Obstetrics & Gynaecology, Paediatrics, ENT, Internal Medicine, Clinical Psychology, Ophthalmology, Dermatology, and Dietetics"",""In-house pharmacists provide complimentary tailored medication consultations and drug interaction checks"",""On-site dispensary available"",""Located 3 minutes' drive from Kotoka International Airport""]",0.2920988,True,Unknown
503,New Crystal Hospital,hospital,private,Ashaiman,,"[""internalMedicine"",""emergencyMedicine"",""gynecologyAndObstetrics"",""pathology"",""amputeeAndProstheticsAndOrthoticsRehabilitation"",""dentistry"",""pediatrics"",""otolaryngology"",""physicalMedicineAndRehabilitation"",""podiatry"",""occupationalAndEnvironmentalMedicine"",""familyMedicine""]",,"[""Operates 24/7 Emergency Department"",""Offers 24/7 ambulance service"",""Head Office: Ashaiman, Accra, Ghana"",""Head Office contact numbers: 0800180260 and +233 544 347 239"",""Operates seven networked branches in two regions"",""9,632 happy patients"",""178 qualified doctors"",""864 clinic rooms"",""Ghana Club 100 recognitions in 2012, 2014, 2015, 2019"",""Working hours show 24/7 operations with a 6:00 AM start"",""Emergency Department operates 24 hours a day, 365 days a year""]",0.39527386,True,Unknown
105,Banhart Specialist Hospital,hospital,,Abesim - Sunyani,,"[""internalMedicine"",""familyMedicine"",""cardiology"",""gastroenterology"",""neurology"",""nephrology"",""pulmonology"",""endocrinologyAndDiabetesAndMetabolism"",""pediatrics"",""gynecologyAndObstetrics"",""obstetricsAndMaternityCare"",""ophthalmology"",""otolaryngology"",""plasticSurgery"",""generalSurgery"",""neurosurgery"",""orthopedicSurgery"",""urology"",""dentistry"",""emergencyMedicine"",""physicalMedicineAndRehabilitation""]","[""CT-Scan imaging equipment"",""4D Ultrasound imaging equipment"",""Spirometry equipment"",""X-ray imaging equipment (X- ray)"",""Fibro scan equipment"",""Diagnostic Endoscopy equipment"",""Therapeutic Endoscopy equipment"",""Echocardiography equipment"",""ECG equipment"",""Dental X-ray equipment"",""Audiometry equipment""]","[""24/7 emergency service"",""Extensive laboratory services"",""Pharmacy on site"",""Maternity (antenatal and postnatal care)"",""Neurosurgery service"",""Physiotherapy service"",""Surgical specialties including Specialist Obstetrics and Gynecology, General Surgery, Plastic Surgery, Neurosurgery, Orthopedic and Trauma, Urology, Ophthalmology, Dental Services, and ENT"",""Medical specialties including Family medicine, Physician, Cardiology, Gastroenterology, Neurology, Nephrology, Pulmonology, Endocrinology, Diet therapy, and Pediatrics"",""Located in Abesim-Sunyani (Opposite DreamField INT SCH)"",""Has over 1000 happy patients""]",0.80261475,True,Unknown
770,Vision Healthcare Clinic,clinic,,Accra,Greater Accra Region,"[""gynecologyAndObstetrics""]","[""On-site modern laboratory"",""On-site dispensary stocked with an assortment of herbal medicines""]","[""Herbal clinic promoting natural health and wellness"",""Medical staff on site ready to serve you"",""Located at Free Town Avenue, Okponglo Junction (Turning towards East Legon), Accra, Ghana"",""Phone +233 30 290 2007"",""Email visionhealthcareclinic@yahoo.com"",""Website visionhealthcareclinic.com""]",0.19472796,False,Greater Accra
659,St Benito Menni Hospital,hospital,,Dompoase,Ashanti Region,"[""internalMedicine"",""gynecologyAndObstetrics"",""ophthalmology"",""psychiatry"",""physicalMedicineAndRehabilitation"",""pathology"",""emergencyMedicine"",""pediatrics""]","[""Has a pathology laboratory."",""Has an ambulance."",""Offers ultrasound imaging (Ultra Sound Scan).""]","[""Located in Dompoase, Adansi North District, Ashanti Region, Ghana."",""Outpatient unit serves a rural population of 20,000 people."",""Outpatient unit is open from 8:00 am to 3:00 pm."",""Emergency Services (24 Hours) are listed as a service on the site."",""Hospital has a medical outreach team for home visits."",""Day care centre for patients with mental and physical disabilities.""]",0.27896908,True,Ashanti
356,International Maritime Hospital,hospital,,Tema,,"[""internalMedicine"",""physicalMedicineAndRehabilitation"",""orthopedicSurgery"",""familyMedicine""]",,"[""Subsidiary of the Ghana Ports and Harbours Authority (GPHA)"",""Located in Tema, Ghana at Third Road, Behind GNPC Flats Community 3"",""Phone: +233 30 322 0030"",""Email: info@imah.gov.gh"",""Official website: https://www.imah.gov.gh"",""Advertises 24/7 / Always open hours on its Facebook page""]",0.3471491,True,Unknown
355,International Health Care Center Ghana,clinic,,Accra,,"[""infectiousDiseases"",""internalMedicine"",""preventiveMedicine"",""familyPlanningAndComplexContraception"",""chronicDiseasePreventionAndLifestyleMedicine""]",,,0.16760996,False,Unknown
359,Jambo Medical Centre,,,Accra,,"[""internalMedicine"",""emergencyMedicine"",""radiology""]","[""Modern laboratory equipped with state-of-the-art equipment""]","[""Established in December 2017"",""Has 6-10 employees"",""Managed by Dr Sulley Faisal and Dr Fiddeen Fusseini"",""Offers 24-hour General OPD"",""Offers 24-hour Pharmacy"",""Laboratory provides 24-hour service for both inpatients and outpatients"",""Office address: 8th Floor, Block A, The Octagon, Accra, Ghana"",""Address: Dr Seth Koranteng Street, Alajo, Accra, Ghana"",""Telephone: +233302606240"",""Mobile: +233552478889; +233200889564"",""Website: jambomedicalcentre.com""]",0.12940136,False,Unknown
567,Precious Gem Diagnostic Centre,,,Accra,,"[""radiology""]","[""X-ray imaging equipment"",""Ultrasound machine"",""Mammography equipment""]","[""HEFRA approved facility"",""Radiologists on staff"",""Located at DN Uber Drv4, Hospital road, Amasaman, Accra, Ghana"",""Phone: +233 56 137 4514; +233 56 137 4814"",""Email: preciousgemdiagnostics@gmail.com"",""Website: preciousgemdiagnostics.com""]",0.29669547,True,Unknown
255,FOCOS Orthopaedic Hospital Ghana,hospital,,Accra,,"[""orthopedicSurgery"",""spineNeurosurgery"",""neurosurgery"",""internalMedicine""]",[],"[""FOCOS Hospital is an orthopaedic specialist center in Ghana providing holistic complex surgical care, diagnostics, research and teaching."",""Located at No. 8 Teshie Street, Pantang-Accra, Ghana."",""Open 24/7 (Always open)."",""Phone: +233 59 692 0901."",""Email: info@focosgh.com."",""Website: focoshospital.org."",""Dr. Yankey is a consultant neurosurgeon at FOCOS Hospital and a fellow of the West African College of Surgeons (WACS) and the Ghana College of Surgeons (GCS).""]",0.34841868,True,Unknown
267,Garden City Royal Hospital and Cancer Centre,hospital,private,Kumasi,,"[""medicalOncology"",""dermatology"",""pediatrics"",""ophthalmology"",""endocrinologyAndDiabetesAndMetabolism"",""gynecologyAndObstetrics"",""otolaryngology"",""familyMedicine"",""internalMedicine""]",,"[""Garden City Royal Hospital and Cancer Centre is a private hospital located in Kumasi, Ghana"",""Offers 24/7 emergency services"",""Offers 24/7 online support"",""Provides oncology services"",""Has a dedicated diagnostic center with leading doctors"",""Offers dermatology services"",""Offers general practice services"",""Offers orthopaedic services"",""Offers maternity services"",""Offers paediatrics services"",""Offers ophthalmology services"",""Offers diabetes management services"",""Offers ear, nose and throat (ENT) services"",""Offers dietetics services"",""Address: 1661 Cockscomb Street, Kumasi-Abuwakwa, Ghana"",""Phone: +233 20 299 2668 (24/7)"",""Email: info@gardencityroyalhospital.com""]",0.3739017,True,Unknown
274,General Clinic,clinic,private,Accra,,"[""internalMedicine"",""radiology"",""otolaryngology"",""urology"",""pediatrics"",""endocrinologyAndDiabetesAndMetabolism"",""orthopedicSurgery"",""ophthalmology"",""clinicalPathology""]","[""X-ray machine with advanced technology differentiating two structures for better diagnostic information"",""Medical Laboratory equipped to provide accurate results"",""Ambulances equipped for urgent medical care""]","[""General Clinic has 5 branches"",""Spintex and Nungua branches provide 24/7 support"",""General Clinic operates a 24-hour pharmacy service"",""General Clinic contact numbers are 0240-766-900 and 0302-811-153"",""Danpong App is available to book appointments with General Clinic"",""General Clinic emphasizes patient care under one roof with an experienced medical team""]",0.2817559,True,Unknown
746,"Trauma and Specialist Hospital, Winneba",hospital,public,Winneba,Central Region,"[""criticalCareMedicine"",""orthopedicSurgery"",""gynecologyAndObstetrics"",""psychiatry"",""oralAndMaxillofacialSurgery"",""ophthalmology"",""radiology"",""familyPlanningAndComplexContraception"",""pediatrics"",""internalMedicine"",""emergencyMedicine"",""otolaryngology"",""physicalMedicineAndRehabilitation"",""generalSurgery"",""anesthesia"",""plasticSurgery"",""publicHealth""]",,,0.4825459,True,Central
16,Accra Specialist Eye Hospital,hospital,,Accra,,"[""ophthalmology"",""cataractAndAnteriorSegmentSurgery"",""glaucomaOphthalmology"",""retinaAndVitreoretinalOphthalmology"",""oculoplasticsAndReconstructiveOrbitalSurgery"",""eyeTraumaAndEmergencyEyeCare"",""corneaOphthalmology"",""refractiveSurgeryOphthalmology"",""internalMedicine""]","[""Optical Coherence Tomography (OCT) machine"",""OCT imaging with RNFL and macular analysis capabilities"",""Fundus photography equipment"",""Fundus fluorescein angiography (FFA) imaging capability"",""B-scan ocular ultrasonography device"",""Gonioscopy equipment"",""Visual field testing equipment""]","[""Opening hours: Mon–Fri 8am–5pm; Sat 8:30am–1:30pm; Sun closed"",""Voted Best Eye Hospital in Ghana"",""Founded and managed under the guidance of Dr. Asiwome Kwesi Seneadza"",""Staff includes ophthalmologists, surgeons, and eye care professionals"",""Has insurance partnerships with leading providers"",""Located at 49 Nii Ayi Kushie St, Tantra Hill, Accra"",""Phone number +23350 006 0545"",""Email hello@accraspecialisteye.com""]",0.39913562,True,Unknown
467,MedTech Medical Center,,,Accra,,"[""pediatrics"",""gynecologyAndObstetrics""]",[],"[""Specializes in healthcare services for women and children."",""Located at Koala Shopping Mall, Oxford Street, Osu, Accra, Ghana."",""Phone number is +233 50 710 5555."",""Email address is info@medtechgh.com."",""Website is medtechgh.com."",""Facebook page exists at https://www.facebook.com/medtechmedicalcentre."",""Based in Accra, Ghana.""]",0.098489985,False,Unknown
191,DEL International Hospital,hospital,,Accra,Greater Accra Region,"[""reproductiveEndocrinologyAndInfertility"",""gynecologyAndObstetrics"",""radiology"",""dentistry"",""physicalMedicineAndRehabilitation"",""pathology"",""internalMedicine""]","[""On-site radiology department offering X-ray and fluoroscopy imaging"",""On-site laboratory facilities for diagnostic testing""]","[""24/7 emergency department with ambulance rapid response"",""Offers online consultations"",""On-site 24-hour pharmacy"",""Laboratory services operate from 8:00 AM to 8:00 PM"",""Located opposite PH Hotel, East Legon, Accra"",""Serves the Accra Metropolis in the Greater Accra Region, Ghana"",""Fertility Center with IUI procedures"",""Medical specialists including Dr. Anabel Ankrah, Dr. Babra Swanzy Asare, Dr. Kwesi Tandoh, Dr. Oduro Boateng, Dr. Sarpong Dankwa, Dr. Afarigah Joycelyn, Dr. Cap Ebonyi, and Dr. Christopher Atakora""]",0.12922372,False,Greater Accra
57,All Smile Dental & Paediatric Centre,dentist,private,Accra,,"[""dentistry"",""pediatrics""]",[],"[""Has three branches: Dansoman, East Legon, and Tseado"",""Based in Accra, Ghana"",""Phone number: +233 36 219 6831"",""Email: info@allsmiledentalclinics.com"",""Website: allsmiledentalclinics.com"",""Facebook page exists for All Smile Dental & Paediatric Centre with handle Allsmilegh"",""Facebook followers: 1.4K"",""Description: A service-oriented dental practice with great staff and a great environment for your dental needs"",""Facebook page status: Closed now""]",0.25960502,True,Unknown
172,Cosmopolitan Medical Centre,hospital,,Accra,,"[""gynecologyAndObstetrics"",""generalSurgery"",""ophthalmology"",""internalMedicine""]",[],"[""Provides comprehensive medical care including surgeries, maternity, pharmacy and optical care"",""Located in Dzorwulu, Accra, Ghana"",""Located near Fiesta Royale Hotel on the route to Gimpa"",""Has highly trained and professional staff"",""Always open""]",0.15371399,False,Unknown
449,MSI Reproductive Choices Ghana,,,Accra,Greater Accra,"[""familyPlanningAndComplexContraception"",""gynecologyAndObstetrics"",""infectiousDiseases"",""pediatrics""]",,"[""Founded in 2006"",""Headquartered in Accra, Greater Accra"",""Operates in every region of Ghana"",""Helps more than 115,000 women each year by providing contraception and safe abortions""]",0.2757229,True,Greater Accra
633,Sefwi Wiawso District Hospital,hospital,public,Sefwi Wiawso,,"[""internalMedicine"",""emergencyMedicine""]","[""""]","[""NHIS accredited"",""Government primary hospital"",""Operates 24 hours on Monday, Tuesday, Wednesday, Thursday, Saturday, and Sunday"",""Friday hours are 6:00 am to 6:00 pm""]",0.15863068,False,Unknown
423,Life Healthcare Center Ghana,,,Accra,,"[""internalMedicine"",""dentistry"",""ophthalmology"",""pathology""]",[],"[""Offers medical, dental, optical, laboratory and pharmacy services"",""Appointments and walk-ins are allowed"",""Locations include Achimota Mall, Accra Mall, and Junction Mall in Accra, Ghana""]",0.102513425,False,Unknown
68,Aneeja Hospital,hospital,,Accra,,"[""pediatrics"",""dentistry"",""ophthalmology"",""plasticSurgery"",""gynecologyAndObstetrics"",""reproductiveEndocrinologyAndInfertility"",""urology"",""internalMedicine"",""radiology"",""pathology"",""generalSurgery""]","[""Two operating theatres with a recovery room"",""Medical imaging services include ultrasound and electrocardiography (ECG)"",""A well-equipped standard laboratory"",""Treatment room""]","[""Located at JPRQ+HX Accra, Tantra Hill, Accra"",""Has 87 French and Ghanaian medical professionals available 24/7"",""Emergency services operate 24/7"",""Overall bed capacity of 39 beds (VIP and common wards)"",""Three paediatric wards (including one VIP) in the paediatric section"",""Delivery ward and lying-in ward"",""In-Vitro Fertilization (IVF) Unit"",""NHIS and other private insurance clients welcome"",""Departments include Medical & Emergency; Surgery; Cosmetic & Reconstructive Surgery; Paediatrics; Dentistry; Ophthalmology; Fertility & IVF Center; Gynaeco-Obstetric; Clinical Laboratory"",""Urologist on staff"",""Physiotherapist; Optometrists; Dentists available""]",0.2707041,True,Unknown
573,Prime Diagnostics and Eye-care,,,Kumasi,Ashanti,"[""ophthalmology""]",[],"[""Located in Bomso, Kumasi, Ghana (AK-316-1041)"",""Contact phone number is +233 20 256 1234"",""Email address is primedecare@yahoo.com"",""Website is primedecare.com"",""Describes itself as a state-of-the-art facility equipped with modern technology"",""Operates 24/7 (Always open)""]",0.07112228,False,Ashanti
311,Gye Nyame Mobile Clinics,,,Kumasi,,"[""internalMedicine"",""pediatrics""]",[],"[""Gye Nyame Mobile Clinics is an NGO"",""Based in Kumasi, Ghana"",""Phone number: +233 50 460 7741"",""Email: oribritta@gmail.com"",""Website: gnmobileclinic.org"",""Provides mobile, doorstep healthcare to communities""]",0.1717946,False,Unknown
312,Habibi Herbal Hospital,hospital,,Accra,,"[""internalMedicine"",""infectiousDiseases"",""neurology"",""urologicOncology""]",[],"[""Located at Kasoa Fetteh Kakraba, Accra, Ghana"",""Phone number +233 24 303 9937"",""Email habibiherbalhospital@gmail.com"",""Website habibiherbalclinic.org"",""Also referred to as Habibi Herbal Clinic"",""Specializes in the treatment of immune system regeneration, hepatitis, stroke, and prostate cancer""]",0.1582722,False,Unknown
275,Generational Health Foundation,,,Kumasi,Asokwa-Kumasi,"[""internalMedicine"",""generalSurgery""]",,,0.18958603,False,Asokwa-Kumasi
648,Society for AIDS in Africa,,,Accra,,"[""infectiousDiseases"",""globalHealthAndInternationalHealth""]",[],"[""Is a non-governmental organization (NGO)."",""Founded in 1989."",""Headquartered at the SAA Secretariat, Accra, Ghana."",""Phone: +233 30 291 3694."",""Email: info@saafrica.org."",""Website: saafrica.org."",""Has approximately 2,000 likes and 2,800 followers on Facebook.""]",0.22826874,False,Unknown
46,Akatsi South Municipal Hospital,hospital,,Akatsi,,"[""psychiatry"",""gynecologyAndObstetrics"",""pediatrics"",""dentistry"",""otolaryngology"",""ophthalmology"",""endocrinologyAndDiabetesAndMetabolism"",""preventiveMedicine"",""infectiousDiseases"",""pathology"",""radiology"",""breastImaging"",""publicHealth"",""internalMedicine""]",,"[""Open 24 hours a day, 7 days a week"",""Mental health services are provided"",""Maternal and child health services are provided"",""Out-patient (OPD) services are provided"",""Inpatient services are provided"",""Laboratory services are provided"",""Pharmacy and dispensing services are provided"",""ART services are provided"",""Public health services are provided"",""Specialized units include Dental, ENT and Eye"",""Diabetes/Hypertension (DM/HPT) clinic is available"",""Wellness clinic is available"",""Breast and cervical screening units are available"",""Upgraded to Municipal status in 2021"",""Hospital manager is Mawuli Asimenu""]",0.3684858,True,Unknown
233,Enchi Government Hospital,hospital,public,Enchi,Western North Region,"[""internalMedicine""]",,"[""Operates as a primary care municipal hospital"",""Open 24/7"",""Located in Enchi, capital of Aowin Municipality, Western North Region, Ghana""]",0.2984512,True,Western North
211,Dormaa Presbyterian Hospital,hospital,,Dormaa Ahenkro,,"[""internalMedicine"",""pediatrics""]",[],[],0.086561784,False,Unknown
425,Little Hearts Medical Practice,,,Accra,,"[""pediatrics""]",[],[],0.08363128,False,Unknown
414,Lapaz Community Hospital,hospital,,Accra,,"[""familyMedicine"",""reproductiveEndocrinologyAndInfertility"",""dermatology"",""pediatrics"",""maternalFetalMedicineOrPerinatology"",""ophthalmology"",""hematology"",""orthopedicSurgery"",""psychiatry"",""neurosurgery"",""otolaryngology"",""gynecologyAndObstetrics"",""pathology"",""radiology"",""physicalMedicineAndRehabilitation"",""dentistry"",""urology"",""internalMedicine""]","[""State-of-the-art radiology equipment"",""Fully automated diagnostic laboratory"",""New high-technology facilities""]","[""Lapaz Community Hospital operates a 24/7 emergency department"",""Offers a one-stop shop medical and diagnostic facility"",""Provides radiology and imaging services on-site with state-of-the-art equipment"",""Has a fully automated diagnostic laboratory accredited for all parameters"",""Features new high-technology facilities"",""Visiting hours are Monday-Friday 07:00–24:00; Saturday 09:00–24:00; Sunday 09:00–20:00"",""Located at Anorhuma Street, Lapaz, Accra"",""Emergency contact numbers are 050-160-6507 and 054-019-2894"",""Departments include Antenatal, Neurosurgery, Eye Clinic, General Practitioner, Fertility Center, Haematology / Sickle Cell, Orthopedics, Dermatology, Endoscopy, Urology, Obstetrics and Gynecology, OPD Services, Diagnostic Laboratory, Radiology, Physiotherapy, Dentistry, ENT, Pediatrician, Psychiatry"",""More than one million people choose Lapaz Community Hospital annually""]",0.59694266,True,Unknown
428,Lod Health Lounge,,,Accra,,"[""gynecologyAndObstetrics""]",[],"[""Located at 11 Pampron Djorn St New Nmai Dzorn, Accra, Ghana"",""Phone number is +233 55 450 3006"",""Email address is lodhealthlounge@yahoo.com"",""Website is lodhealthlounge.com""]",0.051830973,False,Unknown
517,Nyame Besa Herbal Clinic,clinic,,Nsawam,,"[""orthopedicSurgery"",""endocrinologyAndDiabetesAndMetabolism"",""reproductiveEndocrinologyAndInfertility"",""gynecologyAndObstetrics"",""dermatology"",""woundHealingAndDermatologicRegenerativeMedicine"",""podiatricDiabeticLimbSalvageAndWoundCare"",""urology"",""infectiousDiseases"",""headacheMedicine""]",[],"[""Nyame Besa Herbal Clinic is an urgent primary health care center."",""Also known as God Will Heal Herbal Clinic."",""Located at Nsawam okobeyeyie Aburi Road near Nsawam Senior High School, Nsawam, Ghana."",""Phone: +233 24 765 3807."",""Email: idanemma63@gmail.com."",""Specializes in orthopaedics."",""Specializes in diabetes management."",""Specializes in hypertension."",""Specializes in Infertility."",""Specializes in fibroid treatment."",""Specializes in skin conditions."",""Specializes in leg ulcers."",""Specializes in diabetes foot care."",""Specializes in urinary tract infections."",""Specializes in HIV/AIDS."",""Specializes in chronic headaches.""]",0.29285488,True,Unknown
260,Framada Dental Clinic,dentist,,Kumasi,,"[""dentistry""]","[""Has ultra-modern equipment""]","[""Framada Dental Clinic is a specialist dental clinic"",""Located at Ahenema Kokoben, Kumasi, Ghana"",""Phone number +233 59 134 8621"",""Email Framadadentalclinic@gmail.com"",""Website Www.Framadadentalclinic.com"",""Facebook page has 3 likes"",""Facebook page has 4 followers""]",0.24742723,True,Unknown
598,Rophe Specialist Care,clinic,private,Accra,,"[""endocrinologyAndDiabetesAndMetabolism"",""ophthalmology"",""nephrology"",""pulmonology"",""urology"",""gynecology"",""dermatology""]","[""""]","[""Established in 2017."",""Originally intended to be a comprehensive Diabetes & Endocrine center with endocrinologist/diabetologist, ophthalmologist, psychologist, nephrologist, and dietician."",""Expanded to include pulmonologist, urologist, gynaecologist and dermatologist."",""Aims to provide outpatient specialist care as a private health care facility in Accra, Ghana."",""Mission emphasizes empowering patients to make informed health decisions in partnership with integrity and trust.""]",0.24622436,True,Unknown
154,Certa Medical Diagnostics,clinic,private,Accra,,"[""abdominalRadiology"",""gynecologyAndObstetrics"",""urology"",""breastImaging"",""musculoskeletalRadiology""]","[""Provides on-site ultrasound imaging equipment for abdominal, pelvic, and related ultrasound scans"",""Offers Doppler ultrasound as part of ultrasound imaging services""]","[""Opening hours: Sundays 8:00 am–8:00 pm; Saturdays 8:00 am–8:00 pm; Mondays to Fridays closed"",""Located at P.O Box CT 6334, Cantonments, Accra, at La Polyclinic Junction"",""Phone number +233 50 292 9665""]",0.11159743,False,Unknown
656,Spine and Nerve Center - Ghana,clinic,private,Accra,,"[""spineNeurosurgery"",""physicalMedicineAndRehabilitation""]",,"[""Medical centre located at 50 Mensah Wood Street, East Legon, Accra, Ghana"",""Specializes in spinal decompression therapy and cold laser therapy""]",0.06644979,False,Unknown
129,Bone Marrow Transplantation Ghana,,,Accra,Accra North,"[""transplantSurgery"",""hematology"",""pediatrics""]",,,0.18028146,False,Accra North
512,Novocare Medical Diagnostics,,,Nungua,,"[""radiology"",""infectiousDiseases""]","[""Ultrasound imaging equipment"",""X-ray imaging equipment"",""ECG/EKG equipment"",""MRI scanner"",""CT scanner"",""PET scanner"",""Bone mineral density (BMD) equipment""]","[""Located in Addogono, Nungua, Ghana"",""Phone: +233 30 394 0893"",""Email: info.novocaregh@gmail.com"",""Website: novocaremedgh.com"",""Facebook album titled 'World Hepatitis Day Screening'""]",0.4527478,True,Unknown
644,Sisters Hospitallers' English Province,,,Dompoase,Ashanti Region,"[""gynecologyAndObstetrics"",""internalMedicine"",""cardiology"",""pathology"",""psychiatry"",""pediatrics"",""ophthalmology"",""dentistry"",""emergencyMedicine""]",,"[""Mikel Tellaeche is Health Programs Director of Sisters Hospitallers' English Province"",""Mikel Tellaeche is director of Aita Menni Hospital in Arrasate-Mondragon, Spain"",""There is a Sisters Hospitallers center in Ghana""]",0.3898831,True,Ashanti
488,Modern Way Herbal Clinic,hospital,,Sunyani,,"[""internalMedicine"",""urology"",""infectiousDiseases"",""gynecologyAndObstetrics"",""reproductiveEndocrinologyAndInfertility""]",[],"[""Located in Sunyani, Ghana"",""Specializes in prostate diseases and sexually transmitted infections (STIs)"",""Provides herbal medicine treatments"",""Contact phone number: +233 54 371 2294"",""Email: modernwayherbalclinic@gmail.com"",""Is always open"",""Treats chronic infections, painful urination, discharge, rashes and itching"",""Treats prostate infections and infertility issues"",""Treats pelvic inflammatory disease (PID) and ovarian cysts""]",0.17780502,False,Unknown
476,Merkot Pharmacy,farmacy,,Accra,,,[],"[""Operates as a wholesale and retail pharmacy"",""Located at Ofaakor Congo Villa Kasoa, Accra, Ghana"",""Offers delivery"",""Offers reservations"",""Offers in-store pickup"",""Phone: +233 24 464 0975"",""Email: info@merkotpharma.com"",""Website: merkotpharma.com"",""Mission: Focused on improving lives with good medication""]",0.4109726,True,Unknown
787,Wipe-Away Foundation,,,Damongo,,"[""nephrology""]","[""""]","[""Located on Damongo-Sawla Highway, Damongo, Ghana"",""Phone number +233 24 013 0711"",""Email muftipupur1@gmail.com"",""Provides care for kidney patients"",""Cared for Madam Asana, a kidney patient, for three years""]",0.2658993,True,Unknown
703,Supercare Specialist Medical & Ho Fertility Center,hospital,,Ho,,"[""gynecologyAndObstetrics"",""reproductiveEndocrinologyAndInfertility"",""internalMedicine""]",[],"[""Located in Ho, Ghana"",""Phone number +233 34 229 0252"",""Email 2006.supercare.hospital.2013@gmail.com"",""Always open""]",0.049490847,False,Unknown
41,AIH lab & X-ray Center,clinic,,Tema,,"[""clinicalPathology"",""diagnosticRadiology""]",[],"[""Located at Community 22 Junction, Tema, Ghana"",""Diagnostic Center""]",0.6860144,True,Unknown
320,Health Plus Clinic,clinic,,Tarkwa,,"[""internalMedicine"",""familyMedicine"",""occupationalAndEnvironmentalMedicine""]",[],"[""Location: Tarkwa-Esiama Road, Tarkwa Nsuaem, Ghana"",""Phone: +233 54 231 8111"",""Specialties: Family Care and Occupational Health""]",0.29190817,True,Unknown
524,Ocean-View Eye Care,doctor,,Goaso,,"[""ophthalmology""]",[],"[""Located in Goaso, Ghana"",""Committed to providing affordable and accessible eye care to rural communities in Ghana"",""Currently closed""]",1.0,True,Unknown
301,GPHA Clinic,clinic,,Takoradi,,"[""gynecologyAndObstetrics"",""otolaryngology"",""urology""]",[],"[""Has 24/7 operation with 7 days a week availability"",""Location: Near Naval Base, Takoradi, Ghana"",""Phone: 0312022862"",""Bed capacity: 52, expandable to 70 for mass casualty/trauma"",""Has 5 permanent doctors and two locum slots""]",0.0648704,False,Unknown
568,Precise Specialist Clinic,clinic,,Kumasi,,"[""cardiology"",""radiology"",""clinicalPathology""]","[""ECG equipment"",""Echocardiography equipment"",""Ultrasound equipment"",""Laboratory analyzers/equipment""]","[""Specialist medical consultations"",""Specialist cardiac consultations"",""Wellness Clinic"",""Ambulatory services"",""On-site diagnostic services"",""Located in Kumasi, Ghana"",""Digital Address AG-0664-3007, Kumasi, Ghana"",""Phone +233 24 231 3353"",""Email precisespecialistclinicltd@yahoo.com"",""Booking for medical or cardiac evaluation available"",""Clinic status indicates Closed now""]",0.28070912,True,Unknown
75,Anwiam Hospital,hospital,,Kumasi,,"[""emergencyMedicine"",""internalMedicine"",""generalSurgery"",""gynecologyAndObstetrics"",""psychiatry"",""painMedicinePMR"",""pathology"",""radiology""]",,"[""Provides 24/7 emergency care"",""Provides General Medical Services"",""Provides Internal Medicine"",""Provides Surgery"",""Provides Obstetrics and Gynecology"",""Provides Psychiatry"",""Provides Pain Medicine"",""Provides on-site laboratory and medical imaging services including Full blood count, ECG and Ultrasound"",""Located at Dr. Gabriel Boakye Street, Afful-Nkwanta, Kumasi, Ghana"",""Phone +233 26 791 3787"",""Email info.anwiamhospital@gmail.com""]",0.27916065,True,Unknown
134,Britannia Medical Centre,hospital,private,Tema,,"[""internalMedicine"",""generalSurgery"",""gynecologyAndObstetrics"",""emergencyMedicine"",""reproductiveEndocrinologyAndInfertility"",""radiology"",""pediatrics"",""familyMedicine"",""dentistry"",""physicalMedicineAndRehabilitation"",""pathology"",""urology"",""orthopedicSurgery""]",,,0.47957063,True,Unknown
536,Ospedale Didattico di Tamale,hospital,,Tamale,Northern Region,"[""urology"",""generalSurgery"",""neurosurgery"",""orthopedicSurgery"",""otolaryngology"",""gynecologyAndObstetrics"",""pediatrics"",""oralAndMaxillofacialSurgery"",""nephrology"",""anesthesia"",""criticalCareMedicine"",""internalMedicine"",""maternalAndChildHealth""]","[""Manual operating table"",""Anesthesia equipment"",""Two operating theatres""]","[""Ospedale Didattico di Tamale is a tertiary care center offering specialized care to the population of northern Ghana and neighboring ECOWAS countries"",""The center serves as a training site for surgery, general medicine and urology for doctors and nurses"",""Collaborations with Ghana Health Service, Ministry of Education, Ministry of Health, University of Tamale, Le Mete ONLUS and Le Mete NGO Ghana"",""Maternal-infantile department with 18 beds"",""Projected catchment population of 7 million"",""Project phases: Phase 1 completed (two operating rooms); Phase 2 completed (operating rooms for general and urology); Phase 3 operational by Summer 2021 (maternal-infantile with 18 beds); Phase 4 expansion; Phase 5 in progress"",""Plans to achieve financial autonomy and self-sufficiency""]",0.47400448,True,Northern
385,KK Health CARE Center,hospital,,Swedru,,"[""pediatrics"",""gynecologyAndObstetrics"",""internalMedicine""]",[],"[""KK Health CARE Center is categorized as a hospital on Facebook"",""Operates 24/7 (Always open)"",""Provides health care services for women and children"",""Located in Swedru, Ghana""]",0.09661513,False,Unknown
152,Central Regional Police Clinic,,,Ghana,,"[""internalMedicine"",""pediatrics"",""gynecologyAndObstetrics"",""ophthalmology"",""otolaryngology"",""radiology"",""pathology"",""dentistry"",""psychiatry"",""publicHealth"",""generalSurgery"",""anesthesia"",""emergencyMedicine""]",[],[],0.34673816,True,Unknown
511,NewLeaf Hospital,hospital,,Techiman,,"[""internalMedicine"",""nephrology"",""radiology"",""gynecologyAndObstetrics"",""pediatrics"",""emergencyMedicine""]",[],"[""Located at VRA Bamiri Road, Techiman, Ghana"",""Centers of excellence including Dialysis, Radiology, Obstetrics and Gynecology, Pediatrics, and Accident and Emergency services"",""Phone number +233 27 520 5353"",""Email newleafhospital@gmail.com"",""Facebook listing shows the hospital as Always open"",""Premier Health Insurance accepted at NewLeaf Hospital""]",0.28196034,True,Unknown
430,Luke Society Ghana,,,Kasei (via Ejura),Ashanti Region,"[""ophthalmology"",""generalSurgery"",""dentistry"",""psychiatry"",""gynecologyAndObstetrics"",""infectiousDiseases"",""radiology"",""pathology"",""emergencyMedicine"",""familyPlanningAndComplexContraception"",""preventiveMedicine"",""pediatrics""]",,,0.43125382,True,Ashanti
43,Aisha Hospital,hospital,,Tamale,,"[""internalMedicine"",""generalSurgery"",""gynecologyAndObstetrics"",""ophthalmology"",""otolaryngology"",""dentistry"",""nephrology"",""urology"",""radiology"",""anesthesia"",""emergencyMedicine""]","[""Imaging equipment includes X-ray machines, CT scanners, MRI scanners, ultrasound devices, and nuclear medicine imaging equipment""]","[""VIP department provides comprehensive and advanced care for VIP patients"",""Emergency care services including pre-hospital care and standby cover at mass gatherings"",""Direct insurance billing with major international providers"",""Diagnostic & Imaging Department provides imaging services"",""Renal and Dialysis Center available as a hospital department"",""Departments include General Medical Services, Surgical Department, Obstetrics & Gynecology, Ophthalmic and Eye Care, Stomatology (Dental Care), Renal & Dialysis Center, ENT Department, Diagnostic & Imaging Department, Anesthesia Department"",""Located on Old Airport Road in Tamale, Ghana""]",0.34034234,True,Unknown
185,Dar-Bem Clinic,clinic,,Ashaiman,Greater Accra,"[""internalMedicine"",""ophthalmology"",""gynecologyAndObstetrics"",""otolaryngology"",""publicHealth""]",,"[""Dar-Bem Clinic is located in Accra"",""The clinic is located in Ashaiman near Tema, opposite the Ghana Commercial Bank Ashaiman Branch"",""Phone number for the clinic is 0302-306841"",""Vacancies listed include Administrator, Medical Officer (Full Time), Medical/Physician Assistant (Full Time), and Sonographer (Full Time)"",""Visiting Specialists include Ophthalmologist, Gynaecologists, and ENT Specialist"",""Applicants should send their CVs directly to the clinic premises"",""Category for the job posting is Public Health""]",0.09942876,False,Greater Accra
188,Datwell_Medical,,,Accra,,"[""pediatrics""]",[],[],0.17878756,False,Unknown
7,A&a Medlove Medical Centre,,,Accra,,"[""gynecologyAndObstetrics"",""pediatrics"",""ophthalmology"",""diagnosticRadiology"",""cardiology""]",[],"[""Open 24 hours a day, 7 days a week"",""Established in June 2016"",""Has 11-15 employees"",""Located on Ashongman-Abokobi road, Accra, Ghana"",""Managed by Dr. Anthony Twum-Barimah""]",0.74541354,True,Unknown
72,Ankaful Leprosy & General Hospital,hospital,,Ankaful,KEEA,"[""internalMedicine"",""dermatology"",""infectiousDiseases"",""gynecologyAndObstetrics""]",,"[""Specializes in leprosy and other skin conditions"",""Is a general hospital in Ankaful, Ghana"",""Has an Antenatal Care (ANC) unit"",""Hosts Pregnancy School sessions for expectant mothers at the ANC unit"",""Next Pregnancy School session is scheduled for 21 March 2025"",""ANC unit provides education on antenatal care, nutrition, safe delivery, and newborn care"",""Located in Ankaful, KEEA, Ghana""]",0.16943042,False,Keea
478,Methodist Faith Healing Hospital,hospital,,,Ashanti,"[""internalMedicine"",""gynecologyAndObstetrics"",""pathology"",""radiology"",""generalSurgery"",""emergencyMedicine"",""publicHealth"",""otolaryngology"",""psychiatry"",""hospitalMedicine"",""physicalMedicineAndRehabilitation""]",,,0.26942012,True,Ashanti
419,Le Mete NGO Ghana,,,Tamale,,"[""urology"",""generalSurgery"",""neurosurgery"",""anesthesia"",""criticalCareMedicine"",""otolaryngology"",""gynecologyAndObstetrics"",""internalMedicine"",""pediatrics"",""nephrology"",""maternalAndChildHealth"",""dentistry"",""oralAndMaxillofacialSurgery"",""clinicalPathology""]","[""Two operating theatres equipped for general surgery and urology"",""Ward infrastructure includes sterilization room, septic rooms, recovery/awakening rooms, examination and dressing rooms, and a reception area""]","[""Le Mete NGO Ghana owns a 4-hectare site donated by village chiefs of Nanton, registered as the property of Le Mete NGO Ghana"",""The center is integrated with the Tamale Teaching Hospital and operates under a co-ownership/management agreement with the University and the hospital"",""Led by Dr. Akis Afoko, who is president of Le Mete NGO Ghana"",""Population served by the center is estimated at 7 million"",""The project is supported by the Ghana Health Service and the Ministries of Education and Health"",""Estimated total project cost is 500,000 euros; Italy-based donations total 159,731 euros; Ghana-based donations total 120,000 euros; materials/equipment donations total around 110,000 euros"",""Phase status: Phase 1 and Phase 2 completed with two operating theatres; Phase 3 maternal-infant department with 18 beds; Phase 4 expansion completed; Phase 5 in progress to build additional wards, mortuary, auditorium and classrooms"",""The two operating theatres have supported 35–40 interventions per week"",""The project operates as part of the Tamale Teaching Hospital and collaborates with Ananase Project; Italian Embassy in Accra and Ghanaian Embassy in Rome support the project""]",0.5018108,True,Unknown
87,Ashaiman - MDC,clinic,,Tema,,"[""radiology""]","[""Ultrasound equipment"",""X-ray equipment"",""ECG equipment"",""Tele-radiology system""]","[""Ashaiman - MDC operates as a Medical Diagnostic Center in Ghana"",""Opening hours: Monday–Friday 08:00–17:00; Saturday 09:00–14:00; Sunday and holidays closed"",""Location: Nana Frimpong Close, Ashaiman Polyclinic, Tema, Ghana"",""Contact: +2333 24 749 8254 / +233 20 251 8833"",""Email: info@wellnestgh.com""]",0.4237432,True,Unknown
584,Quest Medical Imaging,,,Accra,Greater Accra,"[""cardiology"",""dentistry"",""neurology"",""pediatrics"",""pulmonology"",""criticalCareMedicine"",""radiology"",""breastImaging""]",,"[""Hours of operation: Monday–Saturday 8am–8pm; Sundays and holidays 9am–5pm"",""Incorporated on April 21, 2015"",""Located at 27 Maseru Street, East Legon, Accra, Ghana"",""Partnership with MDS – Lancet Laboratory Ghana Ltd""]",0.22384953,False,Greater Accra
106,Baptist Medical Centre,hospital,,Nalerigu,,"[""gynecologyAndObstetrics"",""generalSurgery"",""internalMedicine""]",[],"[""Located in Nalerigu, Ghana"",""Founded in 1958 by IMB missionary doctor George Faile II"",""Has a 300+ bed hospital"",""Serves tens of thousands of patients annually"",""Surgical department supported by visiting general surgeon Dr. Lisa Mohrman""]",0.13300782,False,Unknown
469,Meland Pharmacy,farmacy,,Cape Coast,,,[],"[""Located at Pedu Junction adjacent to Total filling station, Cape Coast, Ghana"",""Provides health services to clients"",""Phone number +220 942 3251"",""Email melandpharmacy@gmail.com""]",0.4072365,True,Unknown
221,Eastside Life Hospital,hospital,,Bolgatanga,Upper East Region,"[""ophthalmology"",""anesthesiology"",""radiology"",""internalMedicine"",""pediatrics"",""maternalFetalMedicineOrPerinatology"",""cardiology""]",,"[""Pediatrics department"",""Internal Medicine department"",""Radiology department with X-Ray and CT capabilities"",""Sonography (Ultrasound) department"",""Anesthesiology services"",""General Practitioner (GP) services"",""Ophthalmology services""]",0.24527022,True,Upper East
13,Accra Newtown Islamic Hospital,hospital,,Accra Newtown,,"[""internalMedicine"",""ophthalmology"",""nephrology"",""hepatopancreatobiliarySurgery"",""radiology"",""generalSurgery"",""clinicalPathology""]","[""Ultra-modern operating theatre"",""On-site laboratory facilities""]","[""Laboratory tests conducted 24/7"",""Pharmacy services available 24/7"",""Dialysis Center on site"",""ANIH app enables appointment scheduling and access to medical records"",""Insurance partnerships with Metro, Glico, Star, ACE Medical, and NHIS""]",0.27412528,True,Unknown
169,Community 22 Polyclinic,hospital,,Tema,,"[""ophthalmology"",""otolaryngology"",""gynecologyAndObstetrics"",""familyPlanningAndComplexContraception"",""pediatrics"",""radiology"",""clinicalPathology"",""generalSurgery"",""internalMedicine""]","[""Has operating theatre"",""Has an on-site laboratory"",""Has a maternity ward"",""Operates Outpatient Department (OPD)"",""Provides ultrasound scanning"",""Has paediatric wards"",""Has Eye department / Eye clinic"",""Has ENT department"",""Offers Family Planning Services"",""Offers CWC services"",""No dental unit currently""]","[""Located in Tema, Ghana"",""Serves residents of Ashaiman and Tema"",""Always open"",""Eye clinics operate Monday to Friday from 8:00am to 3:00pm"",""New ultra-modern GHS Polyclinic""]",0.4185239,True,Unknown
3,2BN Military Hospital,hospital,,Apremdo,Western,"[""internalMedicine"",""dentistry"",""emergencyMedicine""]",[],[],0.15553436,False,Western
732,The Hunger Project-Ghana,,,,,"[""emergencyMedicine"",""maternalFetalMedicineOrPerinatology"",""pediatrics"",""gynecologyAndObstetrics""]","[""Five Mini-Modified Tricycle Ambulances (MMTAs) handed over to The Hunger Project-Ghana to enhance emergency response"",""Newly refurbished Emergency Dispatch Centre commissioned in collaboration with The Church of Jesus Christ of Latter-day Saints""]","[""Emergency response improvements in rural communities across the Eastern Region"",""Partnership between The Hunger Project-Ghana and The Church of Jesus Christ of Latter-day Saints (LDS Charities)"",""Focus on maternal and child health"",""Improved coordination between local health facilities and the National Ambulance Service""]",0.25463834,True,Unknown
427,Lizzie's Maternity Home,,,,,"[""gynecologyAndObstetrics"",""obstetricsAndMaternityCare""]","[""""]","[""""]",0.06356429,False,Unknown
506,New Life Hospital,hospital,private,Adoagyiri-adeiso,,"[""internalMedicine"",""emergencyMedicine""]",,"[""New Life Hospital is a private primary hospital."",""New Life Hospital offers general medical services."",""New Life Hospital is NHIS accredited."",""New Life Hospital is located on Adoagyiri-adeiso Road, Ghana.""]",0.1395978,False,Unknown
144,Cape Coast Teaching Hospital,hospital,public,Tamale,,"[""emergencyMedicine"",""generalSurgery"",""pathology"",""radiology"",""gynecologyAndObstetrics"",""pediatrics"",""psychiatry"",""publicHealth"",""ophthalmology"",""hospiceAndPalliativeInternalMedicine"",""physicalMedicineAndRehabilitation"",""internalMedicine""]",,,0.347335,True,Unknown
541,Owusu Memorial Hospital,hospital,,Sunyani,,"[""internalMedicine"",""gynecologyAndObstetrics"",""dentistry"",""ophthalmology"",""pathology"",""generalSurgery""]",,"[""Provides general health care, surgery, gynaecology, dentistry, ophthalmology, and laboratory services"",""Mailing address: P. O. Box 210, Sunyani, Ghana"",""Phone number: +233 35 202 3341"",""Open 24/7""]",0.18240683,False,Unknown
157,"Children's Hospital, Okomfo Anokye Road, Kumasi, Ghana",hospital,,Kumasi,,"[""pediatrics"",""gynecologyAndObstetrics"",""physicalMedicineAndRehabilitation"",""pediatricNeurodevelopmentalDisabilities"",""internalMedicine""]",[],"[""Established by the Government of the Gold Coast in 1910."",""Located in the Subin Sub-Metro within the Kumasi Metropolis, Kumasi, Ghana."",""Also known as C.W.C or Kwashiorkor clinic."",""Provides 24-hour healthcare services."",""Administrative hours are 8:30am–4:30pm on weekdays."",""Has a Physiotherapy Unit."",""Located on Okomfo Anokye Road, Kumasi, Ghana."",""Email address mchhospital@ymail.com."",""Medical Superintendent contact numbers: +233 504 171 773; +233 0244 171 773."",""Administrator contact numbers: +233 244 062 030; +233 208 223 809."",""Accountant contact numbers: +233 243 446 693; +233 208 174 544."",""The hospital is dedicated to care for malnourished children and adults, and is described as the only hospital in the Northern part of Ghana with this focus.""]",0.12958737,False,Unknown
214,Dr. Power Herbal Clinic TV,,,Accra,,"[""internalMedicine"",""infectiousDiseases"",""gynecologyAndObstetrics"",""pulmonology"",""endocrinologyAndDiabetesAndMetabolism"",""neurology""]",[],"[""Based in Accra, Ghana"",""Provides spiritual and physical healing for illnesses"",""Treats stroke, hepatitis B, fibroid, asthma, and diabetes"",""Phone: +233 20 847 8866"",""Email: drpowerherbal@gmail.com""]",0.17135933,False,Unknown
614,"Saint John of God Hospital, Duayaw Nkwanta",hospital,,Duayaw Nkwanta,,"[""ophthalmology"",""dentistry"",""pathology"",""orthopedicSurgery"",""cardiology"",""gynecologyAndObstetrics"",""neonatologyPerinatalMedicine"",""internalMedicine""]",[],"[""Located in Duayaw Nkwanta, Ghana"",""Certified by Health Facility Regulatory Authority (HeFRA) as a primary health facility"",""Accredited by the National Health Insurance Authority (NHIA)"",""Administrative structure includes three levels: Diocesan level, National Catholic Health Services, and Christian Health Association of Ghana"",""Collaborates with Ghana Health Service at regional and district levels"",""Headed by a four-member management team appointed by the Diocesan Health Board"",""Eye Care department offers specialist, optometric and optical services"",""Dental Unit offers standard and comprehensive dental services for patients of all ages"",""Laboratory provides diagnostic testing for blood, CSF, and urine"",""Orthopedic Department provides diagnosis, treatment and care"",""Cardiology Department specializes in diagnosis and treatment of cardiovascular diseases"",""Maternity Department provides comprehensive obstetric care"",""Neonatal Intensive Care Unit (NICU) is a hospital department"",""Biostatistics department is part of the hospital"",""Hospital operates 24 hours every day"",""Hospital accepts NHIS, Premier Health Insurance, Newmont Ghana, Corporate Services, and Cash and Carry""]",0.32509267,True,Unknown
32,"African Vision Clinic - Adenta Housing down, Accra, Ghana",clinic,,Accra,,"[""ophthalmology"",""gynecologyAndObstetrics""]",[],"[""Located at Adenta Housing down, Accra, Ghana"",""Always open"",""Offers Health & Medical Services, Alternative Medicines, and Medical Supply & Engineering Services"",""Has a maternity clinic""]",0.11235638,False,Unknown
230,Emmanuel Eye Clinic - Shiashie,clinic,,Accra,,"[""ophthalmology""]","[""""]","[""Located in East Legon, Accra, Ghana"",""Open 24/7""]",0.09361961,False,Unknown
198,Digestive Diseases Aid,,,,,"[""gastroenterology"",""internalMedicine"",""gynecologyAndObstetrics"",""infectiousDiseases""]",[],"[""Digestive Diseases Aid is listed under Pleasant Medical Centre's Serving Our Community"",""Digestive Diseases Aid's mission is to provide effective treatment for digestive diseases in Ghana"",""Digestive Diseases Aid's vision is to become the leading organisation for digestive diseases in Ghana in terms of education, prevention and treatment"",""Digestive Diseases Aid is described as a Non-Profit Organisation""]",0.24580601,True,Unknown
250,Fankyenebra Hospital,hospital,,Kumasi,,"[""ophthalmology"",""gynecologyAndObstetrics"",""radiology"",""physicalMedicineAndRehabilitation"",""generalSurgery"",""psychiatry"",""pathology"",""internalMedicine""]",,"[""Provides 24-hour services"",""Offers general outpatient department (OPD) services"",""Provides inpatient admission services"",""Provides surgical services"",""Offers psychological therapy (counselling) services"",""Offers ultrasound services"",""Provides physiotherapy services (massage)"",""Provides obstetrics and gynecology services"",""Provides on-site laboratory services"",""Offers eye clinic services"",""Health insurance packages available"",""Located in Kumasi, Ghana"",""Always open""]",0.26141676,True,Unknown
615,Saint Johns Clinic and Maternity Home Company,clinic,,Cape Coast,,"[""gynecologyAndObstetrics"",""obstetricsAndMaternityCare""]",,"[""Located in Cape Coast, Ghana"",""Self-describes as a women's clinic in Cape Coast, Ghana"",""Offers home care services in clients' homes"",""Phone number 0551135287 provided for appointments"",""Email address dr.richardcrentsil@gmail.com"",""Open now"",""Has 356 likes on Facebook"",""Has 364 followers on Facebook""]",0.06823549,False,Unknown
642,Sincere Herbal Research and Treatment Center,clinic,,Kintampo,,"[""internalMedicine"",""familyMedicine"",""infectiousDiseases""]",,"[""Located at Kintampo-Post Office Junction, Kintampo, Ghana"",""Operates as a Family Medicine Practice"",""Conducts research into Tropical African medicine"",""Specializes in the treatment of candidiasis, syphilis, gonorrhea, ulcers, and non-communicable diseases HP/DM"",""Contact phone number +233 24 295 3703""]",0.34738612,True,Unknown
148,"Catholic Health Service Trust, Ghana",,,Accra,,"[""pediatrics"",""gynecologyAndObstetrics""]",,"[""Head office located at Centenary House, Shiashie Accra-Ghana"",""Email: head office at headoffice@chstgh.org"",""CHST operates 51 hospitals and health facilities across Ghana"",""Opening hours: Monday to Friday 08:00 AM to 05:00 PM"",""Active on Facebook, Twitter (X), Instagram, and YouTube"",""Facilities located in multiple regions including Volta, Greater Accra, Central, Savannah, Eastern, Ahafo, Ashanti, Western, Bono, Bono East, Upper East, Upper West, Western North, and Northern"",""Examples of hospitals include Battor Catholic Hospital; St. Andrew Catholic Hospital; St. John of God Catholic Hospital; St. Francis Xavier Catholic Hospital; Our Lady of Grace Catholic Hospital; St. Luke Catholic Hospital; St. Patrick’s Catholic Hospital""]",0.19678727,False,Unknown
376,Kate Afram Clinic,clinic,,,,"[""internalMedicine"",""gynecologyAndObstetrics""]",[],"[""Kate Afram Clinic is a private clinic located in Western region, Bibiani Afram Clinic, Ghana."",""Provides comprehensive healthcare services for women."",""Listed in Doctors and Clinics, Hospitals, and Medical Tourism categories on GhanaYello."",""No reviews on GhanaYello."",""GhanaYello listing was registered on 12 Apr 2018.""]",0.07405589,False,Unknown
341,IAMA Diagnostic Ultrasound & Medical Centre,,,Kumasi,,"[""radiology""]",,,0.03507147,False,Unknown
371,Jubile Catholic Children Hospital,hospital,,Apowa,Western,"[""pediatrics"",""internalMedicine""]",[],[],0.09262708,False,Western
365,Joncoby Care Pharmacy,farmacy,,Akatsi,,,,"[""Located on Kpormegbe Road, Akatsi, Ghana"",""Provides wholesale and retail pharmaceutical services"",""Phone: +233 24 422 0822"",""Email: joncobycarepharmacy@gmail.com"",""Website: godcaresherbals.com"",""Has 4.6K likes and 4.7K followers on Facebook""]",0.40738624,True,Unknown
485,Mizprom Herbal Centre,clinic,,Accra,,"[""gastroenterology"",""urology"",""reproductiveEndocrinologyAndInfertility"",""infectiousDiseases""]",,,0.16645122,False,Unknown
456,MEDHealth Centers,,,Accra,,"[""pediatrics"",""geriatricsInternalMedicine"",""radiology"",""cardiology"",""gynecologyAndObstetrics"",""breastImaging"",""generalSurgery""]",,"[""Center is always open""]",0.26305673,True,Unknown
63,Amang Health Centre,clinic,,,,"[""internalMedicine"",""gastroenterology"",""dermatology"",""nephrology"",""cardiology"",""medicalOncology""]",,"[""Treats all kinds of medical health challenges"",""Provides health consultation services"",""Located at Ngleshie-Amanfro Taxi rank, Kasoa, Accra, Ghana""]",0.28524745,True,Unknown
789,"Women's Health Clinic - House # opposite zenith hotel Takoradi, Takoradi, Ghana",clinic,,Takoradi,,"[""gynecologyAndObstetrics"",""obstetricsAndMaternityCare""]",[],"[""Located at House # opposite zenith hotel Takoradi, Takoradi, Ghana"",""Contact numbers: 0204866332, 0277707176, 0547543774"",""Facebook page title: Women's Health Clinic""]",0.07832293,False,Unknown
705,SVG Africa,,,,,"[""generalSurgery"",""infectiousDiseases""]",[],"[""SVG Africa conducts health missions in local hospitals and communities in Ghana."",""SVG Africa partnered with The Helen Hodgkins Trust in January 2016 to initiate water and sanitation projects."",""SVG Africa collaborated with the Ghana AIDS Commission for an HIV/AIDS prevention and awareness campaign in Easter 2013."",""SVG Africa distributed 20 community water filters in July/August 2014, reaching about 4,000 people."",""SVG Africa completed the construction of a toilet block for a large school in Aduamoah in August 2015.""]",0.27020252,True,Unknown
649,Sogakope - MDC,clinic,,Sogakope,,"[""radiology""]",,,0.046412814,False,Unknown
710,Synlab Ghana (Kumasi Ahodwo Depot),,,Kumasi,,"[""clinicalPathology""]",,,0.033155344,False,Unknown
527,Offinsoman Pharmacy,farmacy,,,,,[],"[""Located in Old Offinso, Ghana (near Buase taxi rank towards Anyankaso)"",""Facebook page category is Medical & health"",""Has 4 likes on Facebook"",""Has 7 followers on Facebook"",""Is in its first year on Facebook""]",0.4114908,True,Unknown
399,Kumasi Children Hospital,hospital,,Kumasi,,"[""pediatrics"",""internalMedicine""]",[],[],0.09505939,False,Unknown
96,Awuss Health,,,Accra,,"[""infectiousDiseases""]",,"[""Awuss Health is a medical & health organization."",""Located in Airport Residential Area, Accra, Ghana."",""Office phone numbers are +233 59 667 4971 and 0596674971."",""Email address is saakalatif111@gmail.com.""]",0.15166527,False,Unknown
88,Asokore RCH,hospital,,Koforidua,,"[""maternalFetalMedicineOrPerinatology"",""pediatrics"",""internalMedicine""]",[],"[""Open 24/7"",""Located in Koforidua, Ghana"",""Identified as a hospital on Facebook"",""Has had 1,147 check-ins on Facebook""]",0.085233144,False,Unknown
682,St. Lucas Catholic Hospital,hospital,,Wiaga,Upper East,"[""internalMedicine""]",,,0.25032172,True,Upper East
666,St. Anne’s Catholic Hospital,hospital,,Damongo,Savannah,"[""internalMedicine""]",,"[""St. Anne Catholic Hospital is a district hospital located in Damongo, West Gonja District, Savannah Region."",""GPS address is N5-0077-3930.""]",0.3025016,True,Savannah
796,Zebilla District Hospital,,,Lamboya,,"[""internalMedicine"",""gynecologyAndObstetrics""]",,"[""Located in Lamboya, Ghana"",""Listed as a Medical Center on Facebook"",""Always open (24/7)"",""Facebook page created January 1, 2017"",""Has 42 likes"",""Has 42 followers"",""Has 3,368 people checked in here"",""Price range: $""]",0.06599248,False,Unknown
723,Tema Polyclinic,,,Tema,,"[""infectiousDiseases""]",,"[""Tema Polyclinic is designated as a vaccination centre at Halcrow for the COVID-19 vaccination program in the Tema West Municipal area."",""Halcrow's designated vaccination centres include Tema Polyclinic, Italian Flat, GPHA Clinic, Aponkye Clinic, International Maritime Hospital, and Community 3 Dzatabu.""]",0.16393284,False,Unknown
103,BAMCEC (Bishop Ackon Memorial Christian Eye Centre),,,Cape Coast,,"[""ophthalmology"",""cataractAndAnteriorSegmentSurgery""]",,,0.08748179,False,Unknown
